No,Reward Type,Name,Image,SetItemId,Description (Click for Details),Used For,Sending Flow,Reward Title,Reward Text,Note
1,Token,FDS,,,"Earn Freedom Shards, the ecosystem's core currency, by embarking on community missions on Freedom World. Explore exclusive perks and items by redeeming Shards in the Shard Shop via the Missions page to make the most of opportunities on the Metaverse.",All,Automatic (FDW Wallet),You have received,Your items will be sent to your wallet and inventory shortly. ,
2,Token,TYM,,,"TYM points serve as the community currency of TomYumThai, allowing you to enjoy a variety of authentic dishes and drinks at ""ข้าวแกงใต้ชาววัง"" Southern Thai Restaurant, as well as other merchants in the TomYumThai ecosystem.

สามารถใช้ TYM พอยท์ เพื่อแลกเป็นอาหารและเครื่องดื่มที่ร้าน ""ข้าวแกงใต้ชาววัง"" ร้านต้นตำรับอาหารใต้และร้านอื่นๆในเครือของคอมมูนิตี้ TomYumThai",Tom Yum Thai,Automatic (FDW Wallet),You have received,Your items will be sent to your wallet and inventory shortly. ,
3,NFT,"Cha Khong - Small Bottle
",,ITMTYM000001,"Unlock a small bottle of Cha Khong tea by completing your mission. 
Choose between two flavors: Original Thai Tea or Premium Thai Tea.
Redeem your NFT for a refreshing treat and enjoy a taste of Thai Tea at Khaokaeng Thai Chaowang @Romklao km.9, Bangchak Petrol branch and All Season Kaeng Tai @Soi Lat Krabang 38 branch.

ชาก๋งขวดเล็ก ชาใต้แท้สูตร 100 ปี มีกลิ่นหอม รสมันเข้มข้น ไม่ผสมสีอาหาร
สามารถเลือกได้ 2 รสชาติ: ชาไทยดั้งเดิม หรือ ชาไทยพรีเมียม
*คูปองนี้สามารถใช้ได้เฉพาะที่ร้าน ""ข้าวแกงใต้ชาววัง"" สาขาปั๊มบางจาก ร่มเกล้า กม.9 และ ""แกงใต้ออลซีซัน"" สาขาซอยลาดกระบัง 38 เท่านั้น",Tom Yum Thai,Automatic (FDW Wallet),You have received,Your items will be sent to your wallet and inventory shortly. ,
4,NFT,Cha Khong - Big Bottle,,ITMTYM000002,"Unlock a large bottle of Cha Khong tea by completing your mission. 
Choose between two flavors: Original Thai Tea or Premium Thai Tea.
Redeem your NFT for a refreshing treat and enjoy a taste of Thai Tea at Khaokaeng Thai Chaowang @Romklao km.9, Bangchak Petrol branch and All Season Kaeng Tai @Soi Lat Krabang 38 branch.

ชาก๋งขวดใหญ่ ชาใต้แท้สูตร 100 ปี 1 ลิตร มีกลิ่นหอม รสมันเข้มข้น ไม่ผสมสีอาหาร
สามารถเลือกได้ 2 รสชาติ: ชาไทยดั้งเดิม หรือ ชาไทยพรีเมียม 
*คูปองสามารถใช้ได้เฉพาะที่ร้าน ""ข้าวแกงใต้ชาววัง"" สาขาปั๊มบางจาก ร่มเกล้า กม.9 และ ""แกงใต้ออลซีซัน"" สาขาซอยลาดกระบัง 38 เท่านั้น",Tom Yum Thai,Automatic (FDW Wallet),You have received,Your items will be sent to your wallet and inventory shortly. ,
5,NFT,Oliang,,,"Unlock a Oliang by completing your mission. 
Redeem your NFT for a refreshing treat and enjoy a taste of Oliang at Khaokaeng Thai Chaowang @Romklao km.9, Bangchak Petrol branch and All Season Kaeng Tai @Soi Lat Krabang 38 branch.

โอเลี้ยงสูตรดั้งเดิม มีกลิ่นหอม รสมันเข้มข้น ไม่ผสมสีอาหาร
*คูปองสามารถใช้ได้เฉพาะที่ร้าน ""ข้าวแกงใต้ชาววัง"" สาขาปั๊มบางจาก ร่มเกล้า กม.9 และ ""แกงใต้ออลซีซัน"" สาขาซอยลาดกระบัง 38 เท่านั้น",Tom Yum Thai,Automatic (FDW Wallet),You have received,Your items will be sent to your wallet and inventory shortly. ,
6,Token,BED,,,"BED point is the community currency of Bored Town, offering members the opportunity to accumulate and redeem for a host of exclusive benefits. 
From online and offline events at Phrae, the hub of Bored Town, to workshop tickets, merchandise, and stays, BED point unlocks a world of perks within the community. 
Just navigate through the community dashboard ‘Shop’ feature to use BED point.",Bored Town,Automatic (FDW Wallet),You have received,Your items will be sent to your wallet and inventory shortly. ,
7,NFT,SRANN - Soap Making Workshop,,,"SRANN -  Soap Making Workshop

Workshop on making soap from natural oils and used cooking oil

This workshop aims to reduce the amount of cooking oil disposed of in water sources by teaching participants how to make soap from natural oils and used cooking oil.

The workshop will cover the following topics:

1. The different types of natural oils and their properties
2. The process of making soap from natural oils and used cooking oil
3. The benefits of using natural soap
4. How to use soap safely and effectively

Participants will have the opportunity to make their own soap using a variety of natural oils and fragrances. They will also learn how to store and use their soap safely and effectively.

*Note: The ticket is limited to a maximum of 5 participants.                                                                        
------------------------------------
เวิร์คช็อปทำสบู่จากน้ำมันธรรมชาติและน้ำมันเหลือใช้ในครัว

เวิร์คช็อปนี้เน้นการลดปริมาณน้ำมันปรุงอาหารที่ทิ้งลงสู่แหล่งน้ำ ด้วยการสอนผลิตสบู่จากน้ำมันธรรมชาติและน้ำมันเหลือใช้ในครัว ที่จะช่วยให้เราใช้ประโยชน์จากน้ำมันปรุงอาหารได้สูงสุดและลดการทิ้งน้ำมันปรุงอาหารลงสู่แหล่งน้ำ

เนื้อหาของเวิร์คช็อปครอบคลุมหัวข้อดังนี้:

1. ชนิดของน้ำมันธรรมชาติที่หลากหลายและคุณสมบัติของแต่ละชนิด
2. กระบวนการผลิตสบู่จากน้ำมันธรรมชาติและน้ำมันเหลือใช้
3. ประโยชน์ของการใช้สบู่ธรรมชาติ
4. วิธีใช้สบู่ให้อย่างปลอดภัยและมีประสิทธิภาพ

ผู้เข้าร่วมจะมีโอกาสลงมือทำสบู่ของตัวเอง โดยสามารถเลือกใช้ทั้งน้ำมันธรรมชาติและกลิ่นต่างๆ ได้หลากหลาย นอกจากนี้ ยังจะได้เรียนรู้วิธีการเก็บรักษาและใช้สบู่ที่ผลิตเองอย่างปลอดภัย

*หมายเหตุ สามารถเข้าร่วมเวิร์คช็อปได้ไม่เกิน 5 ท่าน",Bored Town,Automatic (FDW Wallet),You have received,Your items will be sent to your wallet and inventory shortly. ,
8,Token,WEECO,,,"WEECO Points represent the CO₂ emissions you’ve saved through purchasing WEECO products, 
with each purchase resulting in a reduction of 125mg of CO₂, earning you 125 WEECO Points. 
Accumulate these points by progressing through levels within the Eco Milestone Purchasing Mission. 
Keep them in your wallet as a symbol of your dedication to sustainability.
Start earning WEECO Points now by purchasing WEECO products and clicking ‘claim’ to redeem your rewards. 
Join us in making a positive impact on the environment today!",We Eco,Automatic (FDW Wallet),You have received,Your items will be sent to your wallet and inventory shortly. ,
9,Token,FFF,,,"In Freedom Fantasy Football, FFF points act as the community currency. Members earn points by participating in match predictions, with their scores appearing on the leaderboard for each league. This point system will also be applicable to future major league tournaments. Members can gather these points to redeem a wide range of rewards. ",Freedom Fantasy Football,Automatic (FDW Wallet),You have received,Your items will be sent to your wallet and inventory shortly. ,
10,NFT,A Free Tasting Ticket,,ITMBZD000001,"In the events, wines from each month theme region are served in order to complement with the previous bottle. Professional Sommelier are invited to describing the characteristic of each wine and give a brief history about it. Snacks and pairing food are also provided in the events, with no additional cost.

Location : The Deck
Event time: 7:00-9:00 PM

This free ticket has to be registered at least 24 hours before the event. Please contact Boozia on Line at ""@boozia"" to book your seat before attending.

Terms and Conditions:
1. This ticket is one-time use, once used the ticket will be removed from your account.
2. This price is net, with vat and service charge included. No additional cost is required!
3. The ticket can be used until 27 November 2024. You can show the QR code of this e-ticket at the event, and the staff will validate it.",Boozia,Automatic (FDW Wallet),You have received,Your items will be sent to your wallet and inventory shortly. ,
11,NFT,Special Discount on Wine,,ITMBZD000002,"Congratulations! You've received a 20% discount e-coupon on wine, redeemable at OG House Pridi Banomyong 11 (Boozia Distribution)!

Terms and Conditions:
1. The coupon cannot be exchanged for cash.
2. The coupon cannot be used with other promotions.
3. This coupon is valid until 31 December 2024.
4. The list of redeemable wines is provided at the store, or contact us for more information.
5. Terms and condition maybe change by the company without notice in advance.",Boozia,Automatic (FDW Wallet),You have received,Your items will be sent to your wallet and inventory shortly. ,
12,NFT,Free Frontera Chardonnay Voucher (May-Jul'24),,,"Choose your Chardonnay thru the Freedom world app, and get this coupon redeemable for a free bottle of Frontera, our best-selling Chardonnay

Terms & Conditions
- Bottles must be purchased within the duration of the campaign
- Free coupon will be expired by 31 July 2024
- Cannot be redeemed for cash
- If out of stock, we may offer a different Cabernet of equal or greater value
",Seen Space,Automatic (FDW Wallet),You have received,Your items will be sent to your wallet and inventory shortly. ,
13,NFT,Free Frontera Cabernet Sauvignon Voucher (May-Jul'24),,,"Choose your Cabernet thru the freedom world app, and get a coupon redeemable for a free bottle of Frontera, our best-selling Cabernet

Terms & Conditions
- Bottles must be purchased within the duration of the campaign
- Free coupon will be expired by 31 July 2024
- Cannot be redeemed for cash
- If out of stock, we may offer a different Cabernet of equal or greater value",Seen Space,Automatic (FDW Wallet),You have received,Your items will be sent to your wallet and inventory shortly. ,
14,Token,RSC,,,RSC point is a point that can be used in Rosie Master community.,Rosie Master,Automatic (FDW Wallet),You have received,Your items will be sent to your wallet and inventory shortly. ,
15,NFT,Rosie Master Beauty Pass,,ITMROSIE000001,"* This Free Pass Voucher can be redeemed for one of the following services at the clinic: 
Rosie Body Shine Vitamin Drip, Laser Hair Remova Diode 3D Cooling, or Hifu 300 shots.
* This Free Pass Voucher expires on 31 Dec 2024.

* Free Pass Voucher สามารถเลือกรับบริการฟรีโดยเลือกบริการ ดริปวิตามิน Rosie Body Shine , 
เลเซอร์ขน Diode 3D Cooling หรือ Hifu จำนวน 300 shots,  อย่างใดอย่างหนึ่งที่คลินิก
* Free Pass Voucher นี้หมดอายุภายในวันที่ 30 ธันวาคม 2024",Rosie Master,Automatic (FDW Wallet),You have received,Your items will be sent to your wallet and inventory shortly. ,
16,Token,SPK,,,"Fuse Sparks (SPK) is the loyalty and experience point within Fuse Community. 
Earn SPK tokens as you participate in exciting missions and activities on Freedom World. 
Each SPK you earn is convertible to 0.001 FUSE. Start collecting your SPK and enjoy benefits from Fuse today!",FUSE,Automatic (FDW Wallet),You have received,Your items will be sent to your wallet and inventory shortly. ,
17,Token,BUF,,,"BUF Points represent the value of your donation to the Baan Unrak Foundation. When you top up through our community, you will receive BUF Points to indicate your contribution.






",Baan Unrak Foundation,Automatic (FDW Wallet),You have received,Your items will be sent to your wallet and inventory shortly. ,
18,Token,FDM,,,"FDM is the fuel behind the Freedom Ecosystem, connecting Web3 with the real world through governance, gamified experiences, and innovations like staking and NFTs. The more FDM you hold, means the greater rewards and influence in shaping the ecosystem.",All,Automatic (FDW & BTZ Wallet),You have received,Your items will be sent to your wallet and inventory shortly. ,
19,Token,AREA,,,AREA points are community points used within the Area Five Cafe Community,Area Five,Automatic (FDW Wallet),You have received,Your items will be sent to your wallet and inventory shortly. ,
20,Token,USDT,,,World’s largest stablecoin. A digital dollar powered by Blockchain. Find out more: https://tether.to/en/transparency/?tab=usdt,Tether,Manual (BTZ TH Wallet),You will receive,"Your rewards will be airdropped to your wallet on the Bitazza Thailand app, within 14 business days after the campaign ends.",Entity Name: Tether Stablecoins
21,Token,USDT,,,World’s largest stablecoin. A digital dollar powered by Blockchain. Find out more: https://tether.to/en/transparency/?tab=usdt,Bitazza TH,Manual (BTZ TH Wallet),You will receive,"Your rewards will be airdropped to your wallet on the Bitazza Thailand app, within 14 business days after the campaign ends.",Entity Name: Bitazza TH
22,Token,USDT,,,World’s largest stablecoin. A digital dollar powered by Blockchain. Find out more: https://tether.to/en/transparency/?tab=usdt,Freedom Card,Automatic (FDW Wallet),You have received,Your items will be sent to your wallet and inventory shortly. ,Entity Name: Freedom Card
23,Token,Trump,,,"The Official Trump Token (TRUMP) is a newly launched memecoin by the President of the United States, Donald Trump. Built on the trumpana blockchain, TRUMP embodies a new and unique fusion of political branding with crypto culture.

TRUMP coins will be airdropped to your wallet on the Bitazza Thailand app within 14 business days after the campaign ends.
",Bitazza TH,Manual (BTZ TH Wallet),You will receive,"Your rewards will be airdropped to your wallet on the Bitazza Thailand app, within 14 business days after the campaign ends.",
24,Token,GOH,,,"GOH Points represent the value of your donation to Gift of Happiness Foundation. When you top up through our community, you will receive GOH Points to indicate your contribution.
",Gift of Happiness,Automatic (FDW Wallet),You have received,Your items will be sent to your wallet and inventory shortly. ,
25,NFT,French Fries,,ITMSEEN000016,Starchy potato base explodes with savory salt a touch of deep-fried goodness.,Seen Space,Automatic (FDW Wallet),You have received,Your items will be sent to your wallet and inventory shortly. ,
26,NFT,Budweiser bottle,,ITMSEEN000017,"American lager beer. Brewed with high-quality barley malt, a blend of premium hop varieties, fresh rice.",Seen Space,Automatic (FDW Wallet),You have received,Your items will be sent to your wallet and inventory shortly. ,
27,NFT,Pint of Singha,,ITMSEEN000018,Thai lager beer brewed from the finest ingredients with 100% Barley Malt and Saaz Hops.,Seen Space,Automatic (FDW Wallet),You have received,Your items will be sent to your wallet and inventory shortly. ,
28,NFT,Smoothies (Variety of Flavors) Reward,,ITMAFC000001,"A cool and refreshing mix of fresh fruits and ice, blended to perfection for a naturally sweet and tasty drink.",Area Five,Automatic (FDW Wallet),You have received,Your items will be sent to your wallet and inventory shortly. ,
29,NFT,The Scape Monster - Harpy Featherling T-shirt,,ITMAFC000002,"Embrace the fierce allure of the Harpy! 
With bold, intricate artwork and premium cotton comfort, this tee brings mythical energy to your style. ",Area Five,Manual - Physical Item (Contact CS),Chance to win,"Thanks for participating, please wait for the campaign winner announcement.",
30,Token,TGT,,,TGT points are community points used within the Topgolf Thailand Community,Topgolf,Automatic (FDW Wallet),You have received,Your items will be sent to your wallet and inventory shortly. ,
31,Token,CRN,,,CRN points are community points used within the Cherean Community.,Cherean,Automatic (FDW Wallet),You have received,Your items will be sent to your wallet and inventory shortly. ,
32,Token,ONYX,,,ONYX points are community points used within the ONYX Community.,ONYX,Automatic (FDW Wallet),You have received,Your items will be sent to your wallet and inventory shortly. ,
33,NFT,Freedom Shot,,,"[Blow Job Shot]
โชว์ QR Code นี้กับบาร์เทนเดอร์ที่บาร์ด้านหน้า เพื่อสแกนและรับเครื่องดื่มเลย!
Show this QR code to the bartender at the front bar to claim your drink!
出示此二维码给前吧台的调酒师，即可领取您的饮品!",ONYX,Automatic (FDW Wallet),You have received,Your items will be sent to your wallet and inventory shortly. ,
34,Token,SYN,,,SYN points are community points used within the SSTown Community.,SSTown,Automatic (FDW Wallet),You have received,Your items will be sent to your wallet and inventory shortly. ,
35,NFT,Rugged Explorer Helm,,CSCAPE000001_WSCAPE000001,"Designed to shield the head from environmental hazards, this helm comes equipped with basic HUD displays and breathable filters for lifesupport on uncharted planets.",The Scape,Automatic (FDW Wallet),You have received,Your items will be sent to your wallet and inventory shortly. ,
36,NFT,Rugged Explorer Gloves,,CSCAPE000001_WSCAPE000004,"Engineered for adaptability, these gloves enhance dexterity while providing insulation from extreme temperatures and minor environmental threats.",The Scape,Automatic (FDW Wallet),You have received,Your items will be sent to your wallet and inventory shortly. ,
37,NFT,Rugged Explorer Pants,,CSCAPE000001_WSCAPE000005,"Reinforced with durable fibers, these pants are built to withstand the roughest environments, from jagged rocks to torrential floods.",The Scape,Automatic (FDW Wallet),You have received,Your items will be sent to your wallet and inventory shortly. ,
38,NFT,Rugged Explorer Pack,,CSCAPE000001_WSCAPE000008,"A standard life-support pack that integrates with any suit, offering basic shields and environment-specific adaptations to optimize survival.",The Scape,Automatic (FDW Wallet),You have received,Your items will be sent to your wallet and inventory shortly. ,
39,NFT,Standard-issue Blaster,,CSCAPE000001_WSCAPE000007,"A reliable compact blaster favored by explorers, designed for consistent firepower and durability in any environment.",The Scape,Automatic (FDW Wallet),You have received,Your items will be sent to your wallet and inventory shortly. ,
40,NFT,Rugged Explorer Boots,,CSCAPE000001_WSCAPE000006,"Equipped with enhanced grip and shock-absorbent soles, these boots ensure stability and comfort, even on the most unforgiving surfaces.",The Scape,Automatic (FDW Wallet),You have received,Your items will be sent to your wallet and inventory shortly. ,
41,NFT,Rugged Explorer Cloak,,CSCAPE000001_WSCAPE000003,"Lightweight and weather-resistant, this cloak helps explorers blend into their surroundings while shielding them against environmental hazards.",The Scape,Automatic (FDW Wallet),You have received,Your items will be sent to your wallet and inventory shortly. ,
42,NFT,Rugged Explorer Chestplate,,CSCAPE000001_WSCAPE000002,"Crafted from lightweight alloys, this chestplate offers essential protection without sacrificing mobility, ideal for navigating hostile terrains.",The Scape,Automatic (FDW Wallet),You have received,Your items will be sent to your wallet and inventory shortly. ,
43,NFT,Pendant of the Seraph,,EPICS_CSCAPE000001_WSCAPE000002,This pendant combines runic magic and arcane technology like only the Aesir can.,The Scape,Automatic (FDW Wallet),You have received,Your items will be sent to your wallet and inventory shortly. ,
44,Consumables,Potion of Health,,IC_POTION_HEALTH,"Restores 50 HP to your Avatar. 
Synthesized from Biogel and Nanocircuitry, this red liquid was first introduced by the Aesir, using a combination of Scape Magic and Technology to heal wounds both internal and external.",The Scape,Automatic (FDW Wallet),You have received,Your items will be sent to your wallet and inventory shortly. ,details here
45,Consumables,Potion of Extra Health,,IC_POTION_EXTRA_HEALTH,"Restores 80 HP to your Avatar.
A more concentrated form of the Potion of Health, anyone who drinks this liquid feels more vitalized on the spot, while their wounds rapidly close.",The Scape,Automatic (FDW Wallet),You have received,Your items will be sent to your wallet and inventory shortly. ,details here
46,Token,PRANG,,,PRANG points are community points used within Prang View,Prang View,Automatic (FDW Wallet),You have received,Your items will be sent to your wallet and inventory shortly. ,
47,Token,WAFF,,,Ratio WAFF Points,Prang View,Automatic (FDW Wallet),You have received,Your items will be sent to your wallet and inventory shortly. ,
48,NFT,"Two-tone Waffle
(1 ea)",,ITMRTW000002,"Enjoy a Free 1 Two-tone Waffle
(1 ea)
Choose 1 sauce from 
Chocolate/ Caramel/ Blueberry/ strawberry/ maple syrup 

* Any issue that has our judgment will be final.
-
ฟรี ทูโทน วาฟเฟิล
(มีซอสแถมในชุด)
มีให้เลือก 5 ซอส
ช็อคโกแลต/ คาราเมล/ บลูเบอรี่/ สตอเบอรี่/ เมเปิ้ลไซรัป

*ในกรณีที่มีข้อโต้แย้งใด ๆ คำตัดสินของทางร้านค้าถือเป็นที่สิ้นสุด",Ratio Waffle,Automatic (FDW Wallet),You have received,Your items will be sent to your wallet and inventory shortly. ,
49,NFT,"FREE! 1 Ratio Roll worth 20 THB
any flavor.",,ITMRTW000004,"รับฟรี! ขนมโตเกียวราคา 20 บาท 1 ชิ้น รสชาติใดก็ได้
.
เงื่อนไขและข้อกำหนด
-สามารถแลกรับได้ 2 สาขาเท่านั้น*
1. สาขา JAS green village Ramkhamhaeng's
2. สาขา Nirvana pouch
-ทางเราจะไม่รับผิดชอบในกรณีที่เวาเชอร์สูญหาย ถูกขโมย หรือถูกใช้งานโดยไม่ได้รับอนุญาต
-เวาเชอร์นี้ไม่สามารถแลกเป็นเงินสดได้
-ผู้ใช้สามารถใช้บัตรกำนัลนี้ได้ 1 ใบต่อ 1 บิล และใช้ได้เพียง 1 ครั้งเท่านั้น
-บัตรกำนัลนี้ไม่สามารถโอนสิทธิ์ให้ผู้อื่นหรือจำหน่ายต่อได้ไม่ว่ากรณีใดๆ
-ลูกค้าสามารถรับสินค้าได้ภายในเวลา 20:00 น. ของทุกวัน",Ratio Waffle,Automatic (FDW Wallet),You have received,Your items will be sent to your wallet and inventory shortly. ,
50,NFT,"
FREE Ratio Roll Special Set worth 100 THB
",,ITMRTW000005,"รับฟรี! ขนมโตเกียว Special Set มูลค่า 100 บาท จำนวน 5 ขิ้น ดังนี้
1.ปูอัด ไข่กุ้ง ชีส
2.ผักโขม ไส้กรอก ชีส
3.นูเทลล่า กล้วยหอม
4.คัสตาร์ดครีม อัลมอนด์
5.คัสตาร์ด ใบเตย
.
เงื่อนไขและข้อกำหนด
-สามารถแลกรับได้ 2 สาขาเท่านั้น*
1. สาขา JAS green village Ramkhamhaeng's
2. สาขา Nirvana pouch
-ทางเราจะไม่รับผิดชอบในกรณีที่เวาเชอร์สูญหาย ถูกขโมย หรือถูกใช้งานโดยไม่ได้รับอนุญาต
-เวาเชอร์นี้ไม่สามารถแลกเป็นเงินสดได้
-ผู้ใช้สามารถใช้บัตรกำนัลนี้ได้ 1 ใบต่อ 1 บิล และใช้ได้เพียง 1 ครั้งเท่านั้น
-บัตรกำนัลนี้ไม่สามารถโอนสิทธิ์ให้ผู้อื่นหรือจำหน่ายต่อได้ไม่ว่ากรณีใดๆ
-ลูกค้าสามารถรับสินค้าได้ภายในเวลา 20:00 น. ของทุกวัน",Ratio Waffle,Automatic (FDW Wallet),You have received,Your items will be sent to your wallet and inventory shortly. ,
51,NFT,Choose any yogurt flavor: blueberry or strawberry,,ITMTCD000001,"Choose any yogurt flavour: blueberry or strawberry

* Any issue that has occurred, our judgment will be final.
-
เลือกรับโยเกิรต์พร้อมดื่มได้ฟรี 1 ขวด รสสตรอว์เบอร์รีหรือบลูเบอร์รี

*ในกรณีที่มีข้อโต้แย้งใด ๆ คำตัดสินของทางร้านค้าถือเป็นที่สิ้นสุด",Tochio Donut,Automatic (FDW Wallet),You have received,Your items will be sent to your wallet and inventory shortly. ,
52,NFT,"Enjoy 1 box (4 pcs) of classic medium-sized donuts,
 with your choice of flavors.",,ITMTCD000002,"Enjoy 1 box (4 pcs) of classic medium-sized donuts,
With your choice of flavours.

* Any issue that occurs, our judgment will be final.
-
สามารถเลือกรับโดนัทฟรี 4 ชิ้น รสชาตใดก็ได้

*ในกรณีที่มีข้อโต้แย้งใด ๆ คำตัดสินของทางร้านค้าถือเป็นที่สิ้นสุด",Tochio Donut,Automatic (FDW Wallet),You have received,Your items will be sent to your wallet and inventory shortly. ,
53,Token,ZENY,,,Tochio ZENY Points,Tochio Donut,Automatic (FDW Wallet),You have received,Your items will be sent to your wallet and inventory shortly. ,
54,NFT,Free Blessed Miniature Sacred Gold Charm,,ITMAJP000001,"ฟรี! ก้อนทองมงคลปลุกเสกแล้ว เสริมดวง เรียกโชคเรียกเงิน
ขนาด 0.9 cm.",ANant Ja Pan ChaYen,Automatic (FDW Wallet),You have received,Your items will be sent to your wallet and inventory shortly. ,
55,NFT,Free 1 Glass Of Small Slushy Ice Thai Tea,,ITMAJP000002,"ฟรี! ชาเย็น 1 แก้ว
Free! 1 Glass of Ice Thai Tea ",ANant Ja Pan ChaYen,Automatic (FDW Wallet),You have received,Your items will be sent to your wallet and inventory shortly. ,
56,NFT,Free Caramel Butter Toast,,ITMAJP000003,"ฟรี! ขนมปังคาราเมลโทสต์ ฉ่ำเนย
Free! Caramel butter Toast",ANant Ja Pan ChaYen,Automatic (FDW Wallet),You have received,Your items will be sent to your wallet and inventory shortly. ,
57,NFT,"Free 1 Glass of Thai Tea and 
Sweet Corn with Butter 1 pc",,ITMAJP000004,"ฟรี! ข้าวชาเย็น 1 แก้ว และข้าวโพดคลุกเนย 1 ถ้วย
Free! 1 Glass of Thai Tea and Sweet Corn with Butter 1 pc.",ANant Ja Pan ChaYen,Automatic (FDW Wallet),You have received,Your items will be sent to your wallet and inventory shortly. ,
58,NFT,250 Baht voucher to use at Bangbang,,ITMBKD000001,"เวาเชอร์แทนเงินสด มูลค่า 250 บาท สามารถใช้ได้ที่ BangBang Bangkok เท่านั้น

- เวาเชอร์นี้ไม่สามารถแลกเปลี่ยนเป็นเงินสด
- เวาเชอร์นี้ได้ใช้ที่ BangBang Bangkok RCA เท่านั้น
- บริษัทขอสงวนสิทธิ์หากมีการเปลี่ยนแปลงเงื่อนไขโดยไม่ต้องแจ้งให้ทราบล่วงหน้า
- คำตัดสินของพนักงานถือเป็นสิ้นสุด
",Bangkok Deejay,Automatic (FDW Wallet),You have received,Your items will be sent to your wallet and inventory shortly. ,
59,NFT,500 Baht voucher to use at Bangbang,,ITMBKD000002,"เวาเชอร์แทนเงินสด มูลค่า 500 บาท สามารถใช้ได้ที่ BangBang Bangkok เท่านั้น

- เวาเชอร์นี้ไม่สามารถแลกเปลี่ยนเป็นเงินสด
- เวาเชอร์นี้ได้ใช้ที่ BangBang Bangkok RCA เท่านั้น
- บริษัทขอสงวนสิทธิ์หากมีการเปลี่ยนแปลงเงื่อนไขโดยไม่ต้องแจ้งให้ทราบล่วงหน้า
- คำตัดสินของพนักงานถือเป็นสิ้นสุด",Bangkok Deejay,Automatic (FDW Wallet),You have received,Your items will be sent to your wallet and inventory shortly. ,
60,NFT,750 Baht voucher to use at Bangbang,,ITMBKD000003,"เวาเชอร์แทนเงินสด มูลค่า 750 บาท สามารถใช้ได้ที่ BangBang Bangkok เท่านั้น

- เวาเชอร์นี้ไม่สามารถแลกเปลี่ยนเป็นเงินสด
- เวาเชอร์นี้ได้ใช้ที่ BangBang Bangkok RCA เท่านั้น
- บริษัทขอสงวนสิทธิ์หากมีการเปลี่ยนแปลงเงื่อนไขโดยไม่ต้องแจ้งให้ทราบล่วงหน้า
- คำตัดสินของพนักงานถือเป็นสิ้นสุด",Bangkok Deejay,Automatic (FDW Wallet),You have received,Your items will be sent to your wallet and inventory shortly. ,
61,Token,SONG,,,Song Points,Songkhla,Automatic (FDW Wallet),You have received,Your items will be sent to your wallet and inventory shortly. ,
62,NFT,แก้วเก็บความเย็น Songkhla,,ITMSGK000001,"แก้วเก็บความเย็น 
สามารถแลกรับโดยส่งข้อความและรูป QR Code มาที่ Fackbook: The Spirits of Songkhla 
พร้อม ชื้อ-นามสกุล, ที่อยู่ , เบอร์โทรเพื่อจัดส่งแก้วเก็บความเย็นสุดพิเศษนี้ให้",Songkhla,Automatic (FDW Wallet),You have received,Your items will be sent to your wallet and inventory shortly. ,
63,Physical Item, Ledger Flex,,LDG001,"Ledger Flex is a sleek, portable hardware wallet featuring a clear and energy-efficient E Ink® touchscreen. CC EAL6+ certified, it supports over 15,000 cryptocurrencies and connects via USB-C, Bluetooth, or NFC. Personalize it with your favorite NFT display and manage assets easily through the Ledger Live app.",Bitazza TH,Manual - Physical Item (Contact CS),Chance to win,"Thanks for participating, please wait for the campaign winner announcement.",
64,Physical Item, Ledger Stax,,LDG002,"Ledger Stax is a lightweight, 45.2g hardware wallet with a clear E Ink® touchscreen and CC EAL6+ security certification. It supports over 15,000 cryptocurrencies, wireless charging, and comes with a magnetic case. Users can customize the display with NFTs and manage assets via USB-C, Bluetooth, or NFC through the Ledger Live app.",Bitazza TH,Manual - Physical Item (Contact CS),Chance to win,"Thanks for participating, please wait for the campaign winner announcement.",
65,NFT,Free Miso Soup ,,ITMYTK000001,"
ซื้อสินค้าใดก็ได้ผ่านแอปครั้งแรก รับฟรี! ซุปมิโซะ 1 ถ้วย 
*ของรางวัลมีจำนวนจำกัด",Yuutako,Automatic (FDW Wallet),You have received,Your items will be sent to your wallet and inventory shortly. ,
66,NFT,"Free Takoyaki Size S
(1 box) ",,ITMYTK000002,ระดับที่ 2: ใช้จ่ายครบ 500  บาท รับ ทาโกะยากิ Size S และรับแต้ม 15 Freedom Shards ,Yuutako,Automatic (FDW Wallet),You have received,Your items will be sent to your wallet and inventory shortly. ,
67,NFT,FREE Okonomiyaki (99 THB),,ITMYTK000003,ระดับที่ 3: ใช้จ่ายครบ 900 บาท รับ โอโคโนมิยากิ มูลค่า 99  และรับแต้ม 20 Freedom Shards,Yuutako,Automatic (FDW Wallet),You have received,Your items will be sent to your wallet and inventory shortly. ,
68,Token,YUU,,,Yuu points are community points used within the Yuutako Community,Yuutako,Automatic (FDW Wallet),You have received,Your items will be sent to your wallet and inventory shortly. ,
69,NFT,Enjoy 1 Free Cookie,,ITMRST000001,"ซื้ออาหารและเครื่องดื่มครั้งแรกกับ Rico's Sathorn รับฟรีคุกกี้ 1 ชิ้น! เลือกรสชาติระหว่าง Lucky Charm หรือ Confetti 
*ของรางวัลมีจำนวนจำกัด",Rico's Sathorn,Automatic (FDW Wallet),You have received,Your items will be sent to your wallet and inventory shortly. ,
70,Token,RICOS,,,RICOS points are community points used within the Rico's Sathorn Community,Rico's Sathorn,Automatic (FDW Wallet),You have received,Your items will be sent to your wallet and inventory shortly. ,
71,Token,BAKED,,,"BAKED points are community points used within Baked by Apple community
 ",Baked By Apple,Automatic (FDW Wallet),You have received,Your items will be sent to your wallet and inventory shortly. ,
72,NFT,Free 1 Original Curry Puff,,,"FREE! 1 Orginal Curry Puff
.
รับฟรี! กะหรี่พัฟรสต้นตำรับ จำนวน 1 ชิ้น",Baked By Apple,Automatic (FDW Wallet),You have received,Your items will be sent to your wallet and inventory shortly. ,
73,NFT,CNNT,,,CNNT points are community points used within the Tech & Trade community Thailand community,Tech & Trade community Thailand,Automatic (FDW Wallet),You have received,Your items will be sent to your wallet and inventory shortly. ,
74,Token,RINN,,,RINN points are community points used within the RiNn Refined Thai Tea Community,RinN Refined Thai Tea,Automatic (FDW Wallet),You have received,Your items will be sent to your wallet and inventory shortly. ,
75,NFT,"Free Any 1 Drink from RiNn Defined Thai Tea 
Value up to 125 THB",,ITMRRT000001,"
เพียงซื้อสินค้าครบตามขั้นที่กำหนด

LV.3 รับไปเลยรางวัลพิเศษ Free Any 1 Drink from RiNn Refined Thai Tea 
Value up to 125 THB

*ของรางวัลมีจำนวนจำกัด",RinN Refined Thai Tea,Automatic (FDW Wallet),You have received,Your items will be sent to your wallet and inventory shortly. ,
76,Token,VSTRT,,,VSTRT Points,V Street,Automatic (FDW Wallet),You have received,Your items will be sent to your wallet and inventory shortly. ,
77,Token,THB,,,Thai Baht is the official currency of Thailand.,Bitazza TH,Manual (BTZ TH Wallet),You will receive,"Your rewards will be airdropped to your wallet on the Bitazza Thailand app, within 14 business days after the campaign ends.",
78,Token,BTC,,,Bitcoin (BTC) is the world's first decentralized cryptocurrency that enables peer-to-peer electronic cash transactions without intermediaries.,Bitazza TH,Manual (BTZ TH Wallet),You will receive,"Your rewards will be airdropped to your wallet on the Bitazza Thailand app, within 14 business days after the campaign ends.",
79,NFT,CNFT,,,CNFT is the special community point used exclusively within the Conserve Natural Forests Community on Freedom World. The points make your impact clear and easy to follow: 1 CNFT point means 1 tree is planted in Thailand. This system lets you transparently track the direct effect of your contribution towards forest and land conservation.,Conserve Natural Forest,Automatic (FDW Wallet),You have received,Your items will be sent to your wallet and inventory shortly. ,
80,Token,THB in BTC,,,Bitcoin (BTC) is the world's first decentralized cryptocurrency that enables peer-to-peer electronic cash transactions without intermediaries.,Bitazza TH,Manual (BTZ TH Wallet),You will receive,"Your rewards will be airdropped to your wallet on the Bitazza Thailand app, within 14 business days after the campaign ends.",
81,Booster Pack,The Dominion War Booster Pack,,BOOSTER_PACK_001,"Enter the fray with the Dominion War Booster Pack! Inside, 4 randomly selected cards await, featuring guaranteed Common and Uncommon tiers. Hunt for Rare, Epic, and Alternative Art cards and wield new powers against The Dominion.",The Scape,Automatic (FDW Wallet),You have received,Your items will be sent to your wallet and inventory shortly. ,
82,Token,DRMF,,,DRMF is the special community point used exclusively within the Dog Rescue Mae Phim Foundation on Freedom World. The points make your impact clear and easy to follow: 1 DRMF point = 1 THB donated. This system lets you transparently track the direct effect of your contribution towards building a better life for stray dogs.,Dog Rescue Mae Phim Foundation,Automatic (FDW Wallet),You have received,Your items will be sent to your wallet and inventory shortly. ,
83,Physical Item,The Scape Soulgazer Keychain Limited Edition,,TCGKEY001,"Meet Soul Gazer, now as a cute and fluffy key chain from The Scape.
Small in size but full of charm, perfect for taking Soul Gazer with you everywhere.
Clip it to your bag or keys for a touch of cozy Scape vibes.Height: 13 cmLimited edition. A must-have collectible for Guardians.",The Scape,Manual - Physical Item (Contact CS),Chance to win,"Thanks for participating, please wait for the campaign winner announcement.",
84,Token,PUP,,,PUP is the special community point used exclusively within the Adopatble Puppy Cafe and Thai Dogs Matter on Freedom World. The points make your impact clear and easy to follow: 1 PUP point = 1 THB donated. This system lets you transparently track the direct effect of your contribution towards building a better life for dogs that need our love. ,The Adoptable Puppy Cafe and Thai Dogs Matter,Automatic (FDW Wallet),You have received,Your items will be sent to your wallet and inventory shortly. ,
85,Consumables,Dimension Generator,,IC_DIMENSION_GENERATOR,"A Portal Destabilizer, this invention was built on Dominion technology, allowing the Crossing to be scrambled within a certain area. This resets all Scape creatures within an area and replaces them with new ones.",The Scape,Automatic (FDW Wallet),You have received,Your items will be sent to your wallet and inventory shortly. ,details here
86,Consumables,Greater Dimension Generator,,IC_GREATER_DIMENSION_GENERATOR,"An enhanced version of the Dimension Disruptor, this device was used by the Dominion to scramble an area to attract more dangerous monsters.",The Scape,Automatic (FDW Wallet),You have received,Your items will be sent to your wallet and inventory shortly. ,details here
87,Consumables,Mega Dimension Generator,,IC_MEGA_DIMENSION_GENERATOR,"The Mega Dimension Disruptor scrambles reality within an area and opens a doorway into multiple portions of the Scape, allowing a larger influx of Scape monsters to pass the Crossing.",The Scape,Automatic (FDW Wallet),You have received,Your items will be sent to your wallet and inventory shortly. ,details here
88,Consumables,Mooderling Lure,,IC_MOODERLING_LURE,"A tiny glowing orb that hums with soothing energy, irresistibly attracting nearby Mooderlings to gather around it.",The Scape,Automatic (FDW Wallet),You have received,Your items will be sent to your wallet and inventory shortly. ,details here
89,Token,OBS,,,"Obsidian occurs as a darkened stone. When combined with other materials, it can change colors, enhancing or refining other magical properties.",The Scape,Automatic (FDW Wallet),You have received,Your items will be sent to your wallet and inventory shortly. ,Obsidian
90,Token,ATHS,,,"Aetherstone is a crystalline mineral infused with latent Scape energies. When refined, it amplifies spells and infuses objects with heightened magical potential,, making it a prized material for crafting and construction.",The Scape,Automatic (FDW Wallet),You have received,Your items will be sent to your wallet and inventory shortly. ,Aetherstone
91,Token,CRM,,,"An ultra-dense mineral resistant to heat and force, Ceramite is prized for its near-indestructibility. Used in high-grade armor and military-grade construction, it offers unmatched protection against physical and magical assaults.",The Scape,Automatic (FDW Wallet),You have received,Your items will be sent to your wallet and inventory shortly. ,Ceramite
92,Token,DRS,,,"Durasteel ore is found within the Scape. It enhances or dampens magical properties, making it an ideal material for forging weapons and armor.",The Scape,Automatic (FDW Wallet),You have received,Your items will be sent to your wallet and inventory shortly. ,Durasteel
93,Token,ADMT,,,"Adamantium is an exceptionally durable metal found deep within planetary crusts. It resists physical and magical warping, making it a prime choice for reinforced plating and weapon craftsmanship.",The Scape,Automatic (FDW Wallet),You have received,Your items will be sent to your wallet and inventory shortly. ,Adamantium
94,Token,VSA,,,"A fusion of rare metals and exotic materials found only in the Scape, Voidsteel is forged by harnessing chaotic Scape energy and is renowned for its durability, versatility, and ability to preserve magic.",The Scape,Automatic (FDW Wallet),You have received,Your items will be sent to your wallet and inventory shortly. ,Voidsteel Alloy
95,Token,NCC,,,"Aesian Nanocircuits, or Nanos, were first created by the Aesir to better channel Scape energies. They are used in runes or woven into fabric and armor, allowing conflicting energies to work in harmony.",The Scape,Automatic (FDW Wallet),You have received,Your items will be sent to your wallet and inventory shortly. ,Nano-Circuits
96,Token,NRFM,,,"Neurofiber Mesh is a flexible, conductive material designed to interface with neural pathways. It enhances reflexes and cognition, making it a staple in high-performance cybernetics and the harnessing of Scape energies.",The Scape,Automatic (FDW Wallet),You have received,Your items will be sent to your wallet and inventory shortly. ,Neurofiber Mesh
97,Token,QTPC,,,"Quantum Processor Chips represent the peak of Scape computational power, enabling near-instant calculations beyond what is possible with conventional technology. They are essential for advanced AIs and high-tier combat systems, granting users an edge over man and machine.",The Scape,Automatic (FDW Wallet),You have received,Your items will be sent to your wallet and inventory shortly. ,Quantum Processor Chip
98,Token,BIOG,,,Biogel is a conduit of Creation. It is commonly used to enchant or forge equipment with healing and restoration properties.,The Scape,Automatic (FDW Wallet),You have received,Your items will be sent to your wallet and inventory shortly. ,Bio-Gel
99,Token,PMF,,,"Plasmic Fluid is a volatile liquid substance that pulses with Scape energies. It is often harnessed as a catalyst for bio-engineering and magical augmentation applications, powering potent transformations and arcane transmutations.",The Scape,Automatic (FDW Wallet),You have received,Your items will be sent to your wallet and inventory shortly. ,Plasmic Fluid
100,Token,BSTR,,,"Biosynthetic Resin is an advanced organic compound synthesized for regeneration and reinforcement. It binds seamlessly to living tissue and synthetic structures, enabling rapid self-repair.",The Scape,Automatic (FDW Wallet),You have received,Your items will be sent to your wallet and inventory shortly. ,Biosynthetic Resin
101,Token,INCT,,,"This specialized item allows the conversion of Scape materials into nutrients, simulating the conditions a creature from the Scape would experience as a foetus.",The Scape,Automatic (FDW Wallet),You have received,Your items will be sent to your wallet and inventory shortly. ,Incubator Tube
102,,,,,,,,,,
103,,,,,,,,,,
104,,,,,,,,,,
105,,,,,,,,,,
106,,,,,,,,,,
107,,,,,,,,,,
108,,,,,,,,,,
109,,,,,,,,,,
110,,,,,,,,,,
111,,,,,,,,,,
112,,,,,,,,,,
113,,,,,,,,,,
114,,,,,,,,,,
115,,,,,,,,,,
116,,,,,,,,,,